{
    "tcs_4f_room_422_NW_office": {
        "x": [
            16.72
        ],
        "y": 179.64
    },
    "tcs_4f_room_421_NW_office": {
        "x": [
            18.039999999999992
        ],
        "y": 228.48000000000002
    },
    "tcs_4f_room_423_NE_office": {
        "x": [
            16.72
        ],
        "y": 130.8
    },
    "tcs_4f_room_424_NE_office": {
        "x": [
            18.039999999999992
        ],
        "y": 80.64000000000001
    },
    "tcs_4f_room_426_NE_office": {
        "x": [
            56.32000000000002
        ],
        "y": -11.759999999999991
    },
    "tcs_4f_room_420_NW_office": {
        "x": [
            27.28
        ],
        "y": 277.32
    },
    "tcs_4f_room_425_NE_office": {
        "x": [
            0.8800000000000097
        ],
        "y": -11.759999999999991
    },
    "tcs_4f_room_427_NE_office": {
        "x": [
            111.76000000000002
        ],
        "y": -11.759999999999991
    },
    "tcs_4f_room_440_NE_office": {
        "x": [
            326.92
        ],
        "y": -11.759999999999991
    },
    "tcs_4f_room_441_NE_office": {
        "x": [
            381.04
        ],
        "y": -11.759999999999991
    },
    "tcs_4f_room_442_NE_office": {
        "x": [
            432.52
        ],
        "y": -11.759999999999991
    },
    "tcs_4f_room_443_SE_office": {
        "x": [
            485.32000000000005
        ],
        "y": -11.759999999999991
    },
    "tcs_4f_corridor_444_SE_lab_space": {
        "x": [
            540.76
        ],
        "y": -19.679999999999993
    },
    "tcs_4f_room_445_SE_office": {
        "x": [
            594.88
        ],
        "y": -11.759999999999991
    },
    "tcs_4f_room_446_SE_office": {
        "x": [
            647.6800000000001
        ],
        "y": -11.759999999999991
    },
    "tcs_4f_room_447_SE_office": {
        "x": [
            701.8000000000001
        ],
        "y": -11.759999999999991
    },
    "tcs_4f_room_448_SE_office": {
        "x": [
            767.8000000000001
        ],
        "y": -11.759999999999991
    },
    "tcs_4f_room_461_SE_office": {
        "x": [
            943.3600000000001
        ],
        "y": 72.72
    },
    "tcs_4f_room_462_SE_office": {
        "x": [
            890.5600000000001
        ],
        "y": 71.4
    },
    "tcs_4f_room_463_SE_office": {
        "x": [
            841.72
        ],
        "y": 71.4
    },
    "tcs_4f_room_449_SE_office": {
        "x": [
            790.24
        ],
        "y": 66.12
    },
    "tcs_4f_room_417_NW_office": {
        "x": [
            163.24
        ],
        "y": 434.4
    },
    "tcs_4f_room_416_NW_office": {
        "x": [
            220.0
        ],
        "y": 431.76
    },
    "tcs_4f_room_415_NW_office": {
        "x": [
            272.8
        ],
        "y": 431.76
    },
    "tcs_4f_room_412_NW_office": {
        "x": [
            433.84000000000003
        ],
        "y": 433.08000000000004
    },
    "tcs_4f_room_414_NW_office": {
        "x": [
            326.92
        ],
        "y": 433.08000000000004
    },
    "tcs_4f_room_413_NW_office": {
        "x": [
            379.72
        ],
        "y": 431.76
    },
    "tcs_4f_room_411_NW_office": {
        "x": [
            489.28
        ],
        "y": 434.4
    },
    "TCS_4F_room_406_NW_other": {
        "x": [
            213.40000000000003
        ],
        "y": 318.24
    },
    "TCS_4F_room_404_NW_other": {
        "x": [
            249.04000000000002
        ],
        "y": 305.04
    },
    "TCS_4F_room_403_NW_other": {
        "x": [
            249.04000000000002
        ],
        "y": 342.0
    },
    "TCS_4F_room_405_NW_other": {
        "x": [
            229.24
        ],
        "y": 266.76
    },
    "tcs_4f_room_432_NW_conference": {
        "x": [
            229.24
        ],
        "y": 206.04000000000002
    },
    "TCS_4F_room_402_NW_other": {
        "x": [
            377.08000000000004
        ],
        "y": 278.64000000000004
    },
    "TCS_4F_room_401_NW_other": {
        "x": [
            378.40000000000003
        ],
        "y": 326.16
    },
    "tcs_4f_corridor_434_NW_open_office": {
        "x": [
            411.4
        ],
        "y": 158.52000000000004
    },
    "tcs_4f_room_433_NE_office": {
        "x": [
            342.76000000000005
        ],
        "y": 133.44
    },
    "tcs_4f_corridor_455_NE_huddle_space": {
        "x": [
            363.88
        ],
        "y": 81.96000000000001
    },
    "tcs_4f_room_454_NE_office": {
        "x": [
            421.96000000000004
        ],
        "y": 108.36000000000001
    },
    "tcs_4f_room_453_SE_office": {
        "x": [
            490.6
        ],
        "y": 107.04000000000002
    },
    "tcs_4f_room_457_SW_office": {
        "x": [
            478.72
        ],
        "y": 175.68
    },
    "tcs_4f_room_458_SW_office": {
        "x": [
            476.08000000000004
        ],
        "y": 225.84000000000003
    },
    "tcs_4f_corridor_452_SW_open_office": {
        "x": [
            641.08
        ],
        "y": 145.32
    },
    "tcs_4f_corridor_464_SW_kitchen": {
        "x": [
            795.5200000000001
        ],
        "y": 206.04000000000002
    },
    "tcs_4f_room_460_SW_conference": {
        "x": [
            891.88
        ],
        "y": 219.24
    },
    "tcs_4f_room_431_NE_office": {
        "x": [
            126.28
        ],
        "y": 151.92000000000002
    },
    "tcs_4f_corridor_431A_NW_kitchen": {
        "x": [
            126.28
        ],
        "y": 225.84000000000003
    },
    "tcs_4f_corridor_430_NW_mail_room": {
        "x": [
            109.12
        ],
        "y": 278.64000000000004
    },
    "tcs_4f_corridor_407_SE_corridor": {
        "x": [
            517.0
        ],
        "y": 51.599999999999994
    },
    "tcs_4f_corridor_407_NE_corridor": {
        "x": [
            88.0
        ],
        "y": 84.60000000000002
    },
    "tcs_4f_corridor_400_NW_restroom_corridor": {
        "x": [
            280.72
        ],
        "y": 260.16
    },
    "tcs_4f_corridor_407A_NE_open_collaboration": {
        "x": [
            221.32
        ],
        "y": 95.16
    },
    "tcs_4f_corridor_400_SW_entry_corridor": {
        "x": [
            594.88
        ],
        "y": 302.40000000000003
    },
    "tcs_4f_corridor_468_SW_open_collaboration": {
        "x": [
            748.0
        ],
        "y": 173.04000000000002
    },
    "tcs_4f_corridor_407_NW_corridor": {
        "x": [
            276.76
        ],
        "y": 381.6
    }
}